{
  "activation_rate": 0.01484758203679865,
  "residual_sigma": 0.19221770104923053,
  "residual_rho1": 0.06531413916635859,
  "asynchrony_sigma_ms": 20.45043489972857,
  "tempo_cv": 0.24211833975341157,
  "tempo_rho1": 0.8401867427633722
}