{
  "n_pieces": 1067,
  "skipped": 0,
  "aggregate": {
    "bpm_median": {
      "mean": 153.42486845512707,
      "sd_across_pieces": 63.346233967427665
    },
    "period_cv": {
      "mean": 0.4259465785318355,
      "sd_across_pieces": 0.2269538565968749
    },
    "rho_1": {
      "mean": 0.6439376202743927,
      "sd_across_pieces": 0.22405139438348443
    },
    "rho_2": {
      "mean": 0.5093554747673895,
      "sd_across_pieces": 0.27017851341780547
    },
    "rho_3": {
      "mean": 0.4526824167843889,
      "sd_across_pieces": 0.269309177651388
    },
    "rho_4": {
      "mean": 0.42197377677945447,
      "sd_across_pieces": 0.25348472191111154
    },
    "rho_5": {
      "mean": 0.36905688722401087,
      "sd_across_pieces": 0.2565881880216479
    },
    "rho_6": {
      "mean": 0.36787287627149035,
      "sd_across_pieces": 0.25661527925348526
    },
    "rho_7": {
      "mean": 0.3432313034968642,
      "sd_across_pieces": 0.23832472823664033
    },
    "rho_8": {
      "mean": 0.3640791312570019,
      "sd_across_pieces": 0.22980651479267059
    },
    "drho_1": {
      "mean": -0.2724242465411568,
      "sd_across_pieces": 0.13391731954803623
    },
    "drho_2": {
      "mean": -0.09999110358188276,
      "sd_across_pieces": 0.13688523914536288
    },
    "drho_3": {
      "mean": -0.03478903056874231,
      "sd_across_pieces": 0.12583878705256468
    },
    "drho_4": {
      "mean": 0.027205272944881894,
      "sd_across_pieces": 0.12690984365416216
    }
  }
}