{
  "config": {
    "midi_glob": "/Workspace/Users/Hadi.Mohebalizadeh@nike.com/Drafts/maestro-v3.0.0/**/*.mid*",
    "grid": "fixed",
    "annotation_map": null,
    "subdivision": 4,
    "max_lag": 8,
    "max_pieces": 20,
    "out": "/Workspace/Users/Hadi.Mohebalizadeh@nike.com/Diffusion II/Dual_Diffusion_II/code/results/human_acf_fixed_smoke"
  },
  "skipped": 0,
  "aggregate": {
    "n_pieces": 20,
    "n_notes_total": 128022,
    "sigma_ms": {
      "mean": 37.38694893586603,
      "sd_across_pieces": 22.902499678588033
    },
    "asynchrony_sigma_ms": {
      "mean": 18.6972451593737,
      "sd_across_pieces": 5.698370652988203
    },
    "keep_rate": {
      "mean": 0.9963678117823498,
      "sd_across_pieces": 0.006698319013479262
    },
    "wrap_rate": {
      "mean": 0.0,
      "sd_across_pieces": 0.0
    },
    "collision_rate": {
      "mean": 0.0036321882176500913,
      "sd_across_pieces": 0.006698319013479258
    },
    "rho_1": {
      "mean": 0.03206642516210467,
      "sd_across_pieces": 0.11833921329896131
    },
    "rho_2": {
      "mean": 0.04436954132700726,
      "sd_across_pieces": 0.08184344910754912
    },
    "rho_3": {
      "mean": 0.019993107943777115,
      "sd_across_pieces": 0.05285225238442324
    },
    "rho_4": {
      "mean": 0.018376987886333775,
      "sd_across_pieces": 0.04595371572025563
    },
    "rho_5": {
      "mean": 0.006126513707958546,
      "sd_across_pieces": 0.03248596675351935
    },
    "rho_6": {
      "mean": 0.011621656912896077,
      "sd_across_pieces": 0.044765501249444964
    },
    "rho_7": {
      "mean": 0.00010118855306850145,
      "sd_across_pieces": 0.031730224554800686
    },
    "rho_8": {
      "mean": 0.009216111329640056,
      "sd_across_pieces": 0.026565482925359193
    }
  }
}