{
  "config": {
    "midi_glob": "/Workspace/Users/Hadi.Mohebalizadeh@nike.com/Diffusion II/Dual_Diffusion_II/data/asap-dataset-master/**/*.mid*",
    "grid": "asap",
    "annotation_map": "/Workspace/Users/Hadi.Mohebalizadeh@nike.com/Diffusion II/Dual_Diffusion_II/code/results/asap_map.csv",
    "subdivision": 4,
    "max_lag": 8,
    "max_pieces": 20,
    "out": "/Workspace/Users/Hadi.Mohebalizadeh@nike.com/Diffusion II/Dual_Diffusion_II/code/results/human_acf_asap_smoke"
  },
  "skipped": 0,
  "aggregate": {
    "n_pieces": 20,
    "n_notes_total": 23543,
    "sigma_ms": {
      "mean": 20.047041232740273,
      "sd_across_pieces": 8.815152292865465
    },
    "asynchrony_sigma_ms": {
      "mean": 6.67460031482554,
      "sd_across_pieces": 0.8303479435493577
    },
    "keep_rate": {
      "mean": 0.9972390944229708,
      "sd_across_pieces": 0.003900109352318166
    },
    "wrap_rate": {
      "mean": 0.0009769358195642016,
      "sd_across_pieces": 0.0011779683904176936
    },
    "collision_rate": {
      "mean": 0.0027609055770292656,
      "sd_across_pieces": 0.003900109352318161
    },
    "rho_1": {
      "mean": 0.05017882634636261,
      "sd_across_pieces": 0.14003339352467184
    },
    "rho_2": {
      "mean": 0.11220471944120089,
      "sd_across_pieces": 0.0859967408551134
    },
    "rho_3": {
      "mean": -0.09304661544814338,
      "sd_across_pieces": 0.09595809758409267
    },
    "rho_4": {
      "mean": 0.03261690942638026,
      "sd_across_pieces": 0.0898742347649035
    },
    "rho_5": {
      "mean": -0.043891765641532694,
      "sd_across_pieces": 0.08386252550623653
    },
    "rho_6": {
      "mean": 0.01829875704362216,
      "sd_across_pieces": 0.07313680135986354
    },
    "rho_7": {
      "mean": -0.013018093845573609,
      "sd_across_pieces": 0.07485078094813814
    },
    "rho_8": {
      "mean": 0.03646017095935133,
      "sd_across_pieces": 0.05771285844608272
    }
  }
}